{
    "learning_rate": 0.01989324168780895,
    "num_leaves": 19,
    "max_depth": 5,
    "colsample_bytree": 0.6115714901586108,
    "subsample": 0.5966869149848664,
    "lambda_l1": 7.491744702677841,
    "lambda_l2": 2.505309994768348,
    "min_data_in_leaf": 34
}